district_id,margin_2004,winner_2004,margin_2006,winner_2006,margin_2008,winner_2008,margin_2010,winner_2010,margin_2012,winner_2012,margin_2014,winner_2014,margin_2016,winner_2016,margin_2018,winner_2018,margin_2020,winner_2020,margin_2022,winner_2022,margin_2024,winner_2024
AL-01,26.31,R,36.28,R,98.27,R,82.58,R,97.86,R,36.45,R,96.38,R,26.38,R,28.83,R,83.61,R,56.9,R
AL-02,42.96,R,39.04,R,-0.62,D,2.18,R,27.29,R,34.78,R,8.24,R,22.96,R,30.54,R,39.93,R,-9.19,D
AL-03,22.45,R,20.99,R,8.19,R,18.94,R,28.17,R,32.4,R,34,R,27.5,R,35,R,46.08,R,97.93,R
AL-04,49.59,R,40.47,R,49.65,R,98.82,R,48.07,R,98.57,R,98.53,R,59.64,R,64.56,R,70.48,R,98.79,R
AL-05,-46.05,D,-98.25,D,-3.58,D,15.86,R,30.01,R,74.42,R,33.54,R,22.13,R,95.81,R,37.54,R,95.39,R
AL-06,98.8,R,98.32,R,97.79,R,98.05,R,42.52,R,52.48,R,49.07,R,38.41,R,97.13,R,83.73,R,40.75,R
AL-07,-50.03,D,-99.04,D,-98.63,D,-44.93,D,-51.76,D,-98.37,D,-98.41,D,-97.8,D,-97.16,D,-28.78,D,-27.42,D
AK-00,48.71,R,16.56,R,5.17,R,38.45,R,35.33,R,10,R,14.3,R,6.58,R,9.14,R,0.31,R,1,R
AZ-01,22.32,R,8.3,R,-16.45,D,5.99,R,-3.65,D,-5.22,D,-7.29,D,-7.69,D,-3.22,D,0.88,R,3.82,R
AZ-02,20.71,R,19.73,R,22.28,R,33.82,R,-0.84,D,0.07,R,13.92,R,-9.49,D,-10.23,D,7.74,R,8.97,R
AZ-03,80.1,R,21.04,R,12.01,R,11.1,R,-21.22,D,-11.49,D,-98.41,D,-27.74,D,-29.14,D,-53.96,D,-44.36,D
AZ-04,-44.46,D,-48.6,D,-50.86,D,-39.41,D,38.46,R,44.17,R,42.9,R,37.66,R,39.51,R,-12.21,D,-7.29,D
AZ-05,21.31,R,-3.97,D,-9.59,D,8.77,R,34.38,R,39.16,R,28.2,R,18.84,R,17.8,R,19.34,R,20.78,R
AZ-06,79.38,R,74.8,R,27.87,R,37.3,R,27.99,R,29.72,R,24.26,R,10.38,R,4.34,R,1.47,R,2.51,R
AR-01,-33.14,D,-38.52,D,-100,D,8.31,R,17.1,R,30.87,R,76.28,R,40.18,R,100,R,47.6,R,48.88,R
AR-02,-16.34,D,-21.06,D,-76.54,D,19.63,R,15.71,R,8.26,R,21.53,R,6.31,R,10.74,R,24.78,R,17.86,R
AR-03,21.23,R,24.46,R,78.53,R,44.88,R,75.9,R,79.41,R,77.32,R,32.11,R,32.5,R,30.8,R,32.03,R
AR-04,-100,D,-49.46,D,-86.17,D,-17.38,D,22.84,R,11.18,R,74.9,R,35.51,R,42.13,R,44.81,R,45.82,R
CA-01,-38.66,D,-37.25,D,-44.74,D,-31.76,D,14.76,R,22.06,R,18.1,R,9.78,R,13.98,R,24.14,R,30.68,R
CA-02,33.7,R,31.72,R,15.78,R,14.3,R,-42.48,D,-49.98,D,-53.7,D,-54.02,D,-51.48,D,-48.8,D,-43.76,D
CA-03,27.07,R,21.65,R,5.56,R,6.89,R,-8.46,D,-5.44,D,-18.7,D,-16.14,D,-9.34,D,7.3,R,10.94,R
CA-04,30.78,R,3.18,R,0.48,R,29.83,R,22.22,R,100,R,25.44,R,8.26,R,11.9,R,-35.6,D,-32.92,D
CA-05,-48.03,D,-47.28,D,-53.47,D,-46.77,D,-48.94,D,-75.73,D,-53.74,D,-78.87,D,-52.18,D,22.62,R,23.54,R
CA-06,-45.3,D,-44.11,D,-47.63,D,-36.32,D,-50.1,D,-45.38,D,-50.86,D,-100,D,-46.68,D,-11.9,D,-15.24,D
CA-07,-52.16,D,-83.99,D,-51.03,D,-36.64,D,-3.36,D,-0.8,D,-2.34,D,-10.08,D,-13.24,D,-36.52,D,-33.5,D
CA-08,-71.44,D,-69.67,D,-62.19,D,-64.98,D,100,R,35.3,R,24.52,R,100,R,12.12,R,-51.46,D,-47.94,D
CA-09,-72.29,D,-75.62,D,-76.36,D,-73.5,D,-11.1,D,-4.74,D,-14.72,D,-12.98,D,-15.16,D,-9.64,D,-3.58,D
CA-10,-31.42,D,-32.89,D,-33.99,D,-20.98,D,5.42,R,12.3,R,3.4,R,-4.5,D,-10.32,D,-78.93,D,-32.94,D
CA-11,22.46,R,-6.54,D,-10.55,D,-1.11,D,-39.46,D,-34.54,D,-44.1,D,-48.26,D,-45.98,D,-67.9,D,-62.06,D
CA-12,-47.21,D,-52.1,D,-56.65,D,-53.47,D,-70.16,D,-66.5,D,-80.87,D,-73.64,D,-100,D,-80.94,D,-100,D
CA-13,-47.62,D,-49.78,D,-52.86,D,-44.22,D,-86.78,D,-76.96,D,-81.56,D,-88.38,D,-80.74,D,0.42,R,-0.08,D
CA-14,-43.21,D,-46.86,D,-47.55,D,-41.26,D,-57.84,D,-53.4,D,-61.72,D,-58.44,D,-58.58,D,-38.68,D,-35.5,D
CA-15,-44.06,D,-44.66,D,-48.4,D,-35.2,D,-100,D,-39.62,D,-47.54,D,-45.94,D,-41.8,D,-100,D,-46.2,D
CA-16,-44.56,D,-45.42,D,-47.28,D,-43.53,D,-14.82,D,-1.46,D,-16.06,D,-15.1,D,-18.76,D,-100,D,-100,D
CA-17,-37.56,D,-53.24,D,-48.06,D,-36.8,D,-47.08,D,-100,D,-100,D,-50.7,D,-42.7,D,-41.86,D,-35.32,D
CA-18,-34.98,D,-30.96,D,-100,D,-16.96,D,-40.98,D,-35.5,D,-42.3,D,-48.98,D,-100,D,-31.7,D,-29.26,D
CA-19,38.81,R,21.16,R,98.43,R,29.4,R,-46.48,D,-100,D,-47.88,D,-47.5,D,-43.36,D,-37.3,D,-38.6,D
CA-20,-6.8,D,-100,D,-48.66,D,-3.4,D,-48.14,D,-75.18,D,-41.5,D,-81.37,D,-53.56,D,34.5,R,100,R
CA-21,46.34,R,36.8,R,36.78,R,100,R,15.52,R,15.66,R,13.48,R,-0.76,D,0.9,R,-8.36,D,-5.14,D
CA-22,100,R,41.4,R,100,R,98.76,R,23.76,R,44.08,R,35.14,R,5.44,R,8.46,R,3.04,R,6.84,R
CA-23,-28.68,D,-30.34,D,-36.14,D,-20.17,D,73.22,R,49.68,R,38.36,R,27.44,R,24.28,R,22.06,R,20.28,R
CA-24,28.92,R,24.05,R,16.3,R,19.88,R,-10.2,D,-3.86,D,-6.84,D,-17.12,D,-17.32,D,-21.14,D,-25.4,D
CA-25,28.84,R,24.29,R,15.46,R,23.66,R,9.56,R,100,R,6.26,R,-8.74,D,0.1,R,-14.76,D,-12.5,D
CA-26,10.78,R,19.06,R,12.2,R,17.61,R,-5.38,D,-2.66,D,-20.76,D,-23.88,D,-21.16,D,-9.06,D,-12.1,D
CA-27,-29,D,-37.54,D,-43.68,D,-30.3,D,-27.96,D,-18.72,D,-34.84,D,-100,D,-39.56,D,6.48,R,-2.66,D
CA-28,-47.65,D,-54.83,D,-99.89,D,-47.12,D,-52.98,D,-76.5,D,-55.98,D,-56.74,D,-45.32,D,-32.48,D,-29.86,D
CA-29,-34.23,D,-36.05,D,-42.17,D,-32.8,D,-74.05,D,-49.22,D,-100,D,-61.22,D,-100,D,-100,D,-39.56,D
CA-30,-42.48,D,-45.05,D,-100,D,-32.69,D,-100,D,-31.28,D,-45.28,D,-46.8,D,-38.96,D,-100,D,-36.76,D
CA-31,-60.42,D,-100,D,-100,D,-67.64,D,100,R,-3.46,D,-12.14,D,-17.48,D,-22.58,D,-19.08,D,-19.46,D
CA-32,-85.01,D,-82.96,D,-99.99,D,-42.08,D,-31.4,D,-19.32,D,-100,D,-37.56,D,-33.16,D,-38.34,D,-32.4,D
CA-33,-88.58,D,-100,D,-75.14,D,-72.16,D,-53.96,D,-18.38,D,-32.88,D,-40.06,D,-35.16,D,-15.42,D,-17.62,D
CA-34,-48.98,D,-53.6,D,-54.18,D,-54.46,D,-71.24,D,-100,D,-100,D,-72.54,D,-100,D,-100,D,-100,D
CA-35,-65.45,D,-83.75,D,-69.34,D,-58.67,D,-100,D,-100,D,-44.78,D,-38.8,D,-38.66,D,-14.72,D,-16.82,D
CA-36,-28.5,D,-31.45,D,-37.28,D,-24.88,D,-5.88,D,-8.36,D,-24.1,D,-18.04,D,-20.68,D,-39.5,D,-37.44,D
CA-37,-54.86,D,-82.4,D,-74.94,D,-45.13,D,-72.84,D,-68.56,D,-100,D,-78.16,D,-71.88,D,-100,D,-78.3,D
CA-38,-100,D,-50.66,D,-81.73,D,-46.9,D,-35.08,D,-18.18,D,-40.96,D,-37.7,D,-100,D,-16.18,D,-19.68,D
CA-39,-21.4,D,-31.74,D,-39.34,D,-30.67,D,15.58,R,37.08,R,14.46,R,-3.12,D,1.2,R,-15.34,D,-13.38,D
CA-40,35.86,R,36.08,R,25.1,R,33.58,R,-100,D,-100,D,-71.37,D,-77.35,D,-45.48,D,13.68,R,10.52,R
CA-41,82.95,R,33.85,R,23.3,R,26.43,R,-17.94,D,-13.28,D,-29.9,D,-30.2,D,-28.06,D,4.7,R,3.38,R
CA-42,36.28,R,100,R,20.32,R,30.35,R,21.18,R,31.48,R,17.64,R,13,R,14.26,R,-36.74,D,-36.28,D
CA-43,-32.74,D,-28.98,D,-38.28,D,-31,D,-100,D,-41.92,D,-52.16,D,-55.34,D,-43.36,D,-54.66,D,-50.14,D
CA-44,26.64,R,22.96,R,2.38,R,11.22,R,-100,D,-86.65,D,-100,D,-100,D,-100,D,-44.42,D,-42.74,D
CA-45,33.22,R,21.32,R,16.58,R,9.35,R,16.92,R,30.24,R,17.12,R,-4.1,D,-6.92,D,4.82,R,-0.2,D
CA-46,29.35,R,22.87,R,9.44,R,24.41,R,-27.74,D,-19.4,D,-100,D,-38.3,D,-37.5,D,-23.58,D,-26.86,D
CA-47,-20.76,D,-24.66,D,-44.06,D,-13.71,D,-13.12,D,-11.98,D,-27.44,D,-29.72,D,-26.54,D,-3.44,D,-2.88,D
CA-48,32.83,R,22.68,R,14.94,R,23.49,R,21.96,R,28.24,R,16.64,R,-7.1,D,2.12,R,20.72,R,18.58,R
CA-49,27.64,R,29.85,R,20.85,R,31.3,R,16.32,R,20.34,R,0.52,R,-12.84,D,-6.26,D,-5.26,D,-4.34,D
CA-50,21.93,R,9.64,R,5.06,R,17.69,R,35.38,R,42.4,R,26.9,R,3.44,R,7.9,R,-25.68,D,-28.54,D
CA-51,-26.49,D,-37.28,D,-48.54,D,-20.1,D,-42.96,D,-37.58,D,-45.5,D,-42.4,D,-36.6,D,-23.72,D,-21.4,D
CA-52,41.61,R,32.66,R,17.42,R,31.03,R,-2.36,D,-3.18,D,-13.06,D,-27.7,D,-23.16,D,-33.34,D,-32.62,D
CO-01,-49.15,D,-79.77,D,-48.16,D,-38.66,D,-41.46,D,-36.84,D,-40.16,D,-50.76,D,-50.12,D,-62.77,D,-54.98,D
CO-02,-36.76,D,-39.93,D,-28.74,D,-19.51,D,-17.11,D,-13.48,D,-19.72,D,-26.64,D,-26.06,D,-41.97,D,-39.42,D
CO-03,-3.99,D,-25.04,D,-23.22,D,4.34,R,12.29,R,22.28,R,14.25,R,7.97,R,6.17,R,0.17,R,4.98,R
CO-04,6.27,R,2.49,R,-12.4,D,11.13,R,21.67,R,35.45,R,31.9,R,21.24,R,23.5,R,24.38,R,11.6,R
CO-05,43.5,R,19.27,R,22.99,R,36.48,R,64.98,R,19.6,R,31.43,R,17.71,R,20.22,R,15.66,R,13.79,R
CO-06,20.38,R,18.74,R,21.34,R,34.22,R,2.04,R,8.91,R,8.31,R,-11.23,D,-17.13,D,-23.17,D,-20.52,D
CT-01,-45.96,D,-48.9,D,-39.8,D,-20.55,D,-37.21,D,-22.41,D,-26,D,-25.58,D,-26.02,D,-21.88,D,-25.03,D
CT-02,8.42,R,-0.04,D,-29.23,D,-18.32,D,-33.9,D,-22.14,D,-22.72,D,-22.54,D,-18.22,D,-18.05,D,-16.03,D
CT-03,-47.47,D,-53.58,D,-49.16,D,-27.39,D,-42.37,D,-28.85,D,-31.19,D,-25,D,-18.12,D,-16.16,D,-19.33,D
CT-04,4.87,R,3.38,R,-0.81,D,-4.01,D,-16.98,D,-6.64,D,-21.42,D,-23.78,D,-26.01,D,-19.88,D,-23.72,D
CT-05,21.62,R,-12.92,D,-14.29,D,-7.1,D,-3.05,D,-6.5,D,-12.49,D,-10.26,D,-9.1,D,-0.19,D,-4.17,D
CT-06,,,,,,,,,,,,,,,,,,,,,,
DE-00,39.4,R,18.41,R,23.09,R,-15.74,D,-30.97,D,-22.5,D,-14.57,D,-28.9,D,-17.41,D,-12.5,D,-15.72,D
FL-01,53.08,R,37.08,R,40.36,R,80,R,42.47,R,46.79,R,38.2,R,34.12,R,30.6,R,35.72,R,32.08,R
FL-02,-23.3,D,-100,D,-23.8,D,12.25,R,5.46,R,-1.13,D,37.38,R,34.88,R,97.86,R,19.6,R,23.28,R
FL-03,-99.24,D,-100,D,-100,D,-29.15,D,32.27,R,32.68,R,16.78,R,15.24,R,14.28,R,26.23,R,23.22,R
FL-04,99.55,R,39.35,R,30.5,R,77.21,R,76.07,R,78.28,R,42.57,R,32.81,R,22.2,R,20.9,R,14.54,R
FL-05,31.87,R,19.7,R,22.3,R,34.86,R,-44.5,D,-30.94,D,-28.46,D,-33.56,D,-30.26,D,100,R,26.15,R
FL-06,28.81,R,19.76,R,21.78,R,71.46,R,14.44,R,25.08,R,17.14,R,12.62,R,21.26,R,75.33,R,33.07,R
FL-07,100,R,26.16,R,24,R,38.06,R,17.42,R,31.46,R,-2.95,D,-15.38,D,-12.1,D,17.06,R,13.06,R
FL-08,21.04,R,7.06,R,-4.02,D,17.89,R,21.37,R,31.7,R,30.56,R,21,R,22.7,R,29.82,R,24.48,R
FL-09,99.91,R,11.83,R,25.9,R,42.86,R,-25.04,D,-10.86,D,-14.96,D,-16.04,D,-12.07,D,-7.28,D,-12.55,D
FL-10,38.66,R,31.86,R,21.36,R,31.84,R,3.48,R,23.09,R,-29.74,D,-100,D,-27.24,D,-19.56,D,-24.74,D
FL-11,-85.81,D,-39.31,D,-43.32,D,-19.26,D,28.96,R,33.32,R,33.77,R,30.3,R,33.44,R,27.66,R,20.76,R
FL-12,29.78,R,69.12,R,14.92,R,7,R,30.54,R,100,R,37.18,R,18.43,R,25.76,R,40.75,R,42.08,R
FL-13,10.6,R,0.16,R,18.05,R,37.72,R,15.14,R,75.22,R,-3.8,D,-15.28,D,-6.08,D,8.09,R,9.65,R
FL-14,35.18,R,28.74,R,34.67,R,41.43,R,-40.5,D,-100,D,-23.58,D,-100,D,-20.52,D,-13.8,D,-15.36,D
FL-15,30.7,R,12.56,R,11.11,R,29.46,R,100,R,20.56,R,14.92,R,6.04,R,10.78,R,17.08,R,12.36,R
FL-16,36.08,R,-1.89,D,20.18,R,33.76,R,7.22,R,23.16,R,19.54,R,9.12,R,11,R,24.29,R,18.96,R
FL-17,-99.59,D,-99.97,D,-100,D,-86.21,D,17.26,R,26.48,R,27.57,R,24.52,R,30.56,R,28.32,R,27.8,R
FL-18,29.46,R,24.3,R,15.74,R,37.78,R,-0.58,D,-19.56,D,10.53,R,8.6,R,14.81,R,74.67,R,30.6,R
FL-19,-100,D,-100,D,-38.92,D,-25.29,D,26.15,R,31.81,R,31.78,R,24.55,R,22.56,R,36.01,R,32.64,R
FL-20,-40.38,D,-100,D,-77.48,D,-22.05,D,-87.9,D,-63.2,D,-60.62,D,-99.92,D,-57.36,D,-44.62,D,,
FL-21,72.8,R,18.94,R,15.8,R,100,R,-77.8,D,-99.63,D,-27.57,D,-100,D,-19.92,D,27,R,23.65,R
FL-22,27.5,R,-3.75,D,-9.36,D,8.72,R,-9.26,D,-16.06,D,-17.88,D,-24.04,D,-17.2,D,-10.22,D,-9.92,D
FL-23,-100,D,-100,D,-64.38,D,-57.74,D,-27.63,D,-25.34,D,-16.21,D,-22.5,D,-16.4,D,-4.76,D,-4.9,D
GA-01,100,R,37,R,33.06,R,43.26,R,25.96,R,21.82,R,99.59,R,15.48,R,16.7,R,18.3,R,23.96,R
GA-02,-33.58,D,-35.74,D,-37.9,D,-2.88,D,-27.56,D,-18.3,D,-22.46,D,-19.3,D,-18.23,D,-9.94,D,-12.66,D
GA-03,-25.76,D,35.3,R,31.39,R,38.96,R,100,R,100,R,36.7,R,31.06,R,30.1,R,37.5,R,32.62,R
GA-04,-27.52,D,-50.72,D,-99.91,D,-49.34,D,-47.14,D,-99.93,D,-51.44,D,-57.7,D,-60.16,D,-56.98,D,-51.16,D
GA-05,-100,D,-100,D,-99.95,D,-47.44,D,-68.78,D,-100,D,-68.88,D,-100,D,-70.3,D,-64.96,D,-71.36,D
GA-06,99.97,R,44.78,R,36.96,R,99.91,R,29.02,R,32.08,R,23.36,R,-1.03,D,-9.18,D,24.44,R,-49.36,D
GA-07,100,R,41.82,R,24.06,R,34.14,R,24.32,R,30.78,R,20.76,R,0.14,R,-2.78,D,-21.74,D,29.7,R
GA-08,51.1,R,-1.1,D,-14.48,D,5.4,R,100,R,99.91,R,35.28,R,99.72,R,29.04,R,37.16,R,37.84,R
GA-09,48.58,R,53.26,R,51.02,R,100,R,52.36,R,61.34,R,100,R,59.01,R,57.16,R,44.7,R,38,R
GA-10,100,R,34.72,R,21.46,R,34.72,R,100,R,33.04,R,99.55,R,25.78,R,24.62,R,29.06,R,26.1,R
GA-11,14.8,R,42.12,R,36.38,R,100,R,37.1,R,100,R,34.82,R,23.58,R,20.86,R,25.2,R,34.62,R
HI-01,-28.99,D,-38.7,D,-53.15,D,-6.46,D,-9.03,D,-3.81,D,-46.58,D,-50.03,D,-39.54,D,-45.62,D,-39.72,D
HI-02,-25.54,D,-22.08,D,-51.05,D,-46.87,D,-58.28,D,-57.82,D,-58.53,D,-54.72,D,-29.52,D,-25.6,D,-33.52,D
ID-01,39.1,R,5.14,R,-1.22,D,9.74,R,32.19,R,30.02,R,36.36,R,31.99,R,39.11,R,45.01,R,43.43,R
ID-02,41.48,R,27.57,R,41.99,R,44.42,R,30.32,R,22.72,R,33.52,R,21.34,R,32.33,R,27.18,R,28.91,R
IL-01,-69.72,D,-68.12,D,-71.74,D,-64.49,D,-47.64,D,-46.18,D,-48.19,D,-53.75,D,-47.65,D,-34.07,D,-31.7,D
IL-02,-88.49,D,-73.02,D,-78.82,D,-66.69,D,-40.03,D,-57.05,D,-59.62,D,-62.12,D,-57.62,D,-34.26,D,-35.12,D
IL-03,-47.49,D,-54.2,D,-51.91,D,-45.4,D,-36.96,D,-29.12,D,-99.96,D,-47.09,D,-12.76,D,-37,D,-34.56,D
IL-04,-71.3,D,-71.68,D,-69.12,D,-63.04,D,-66,D,-56.3,D,-100,D,-73.18,D,-68.1,D,-40.35,D,-40.22,D
IL-05,-52.36,D,-55.99,D,-51.9,D,-45.24,D,-37.14,D,-32.61,D,-40.36,D,-53.33,D,-44.14,D,-40.75,D,-37.94,D
IL-06,11.66,R,2.7,R,15.14,R,27.3,R,18.44,R,34.28,R,18.44,R,-7.16,D,-7.39,D,-8.72,D,-8.42,D
IL-07,-72.26,D,-73.4,D,-70.04,D,-65.41,D,-73.65,D,-70.2,D,-68.48,D,-75.24,D,-67.06,D,-99.94,D,-66.56,D
IL-08,-3.4,D,-6.89,D,-21.44,D,0.15,R,-9.48,D,-11.46,D,-16.62,D,-31.94,D,-73.16,D,-13.78,D,-14.12,D
IL-09,-51.48,D,-49.18,D,-52.67,D,-35.2,D,-32.66,D,-32.15,D,-32.96,D,-46.98,D,-41.96,D,-43.38,D,-36.78,D
IL-10,28.28,R,6.76,R,5.12,R,2.16,R,-1.26,D,2.6,R,-5.21,D,-31.18,D,-27.75,D,-26,D,-19.94,D
IL-11,17.34,R,10.2,R,-23.92,D,14.7,R,-17.14,D,-6.92,D,-20.9,D,-27.68,D,-26.6,D,-12.9,D,-11.18,D
IL-12,-40.6,D,-100,D,-46.45,D,-23.3,D,-8.91,D,10.57,R,14.62,R,6.18,R,20.86,R,50,R,48.38,R
IL-13,30.04,R,16.67,R,9.9,R,27.62,R,0.34,R,17.32,R,19.32,R,0.76,R,8.92,R,-13.23,D,-16.21,D
IL-14,37.26,R,19.58,R,-15.5,D,6.27,R,17.64,R,30.82,R,18.6,R,-5,D,-1.34,D,-8.32,D,-10.21,D
IL-15,22.1,R,15.18,R,28.38,R,28.64,R,37.22,R,49.84,R,100,R,41.86,R,46.9,R,42.28,R,99.55,R
IL-16,38.16,R,31.42,R,24.79,R,33.96,R,23.62,R,41.24,R,99.95,R,18.24,R,29.43,R,32.66,R,99.94,R
IL-17,-21.36,D,-14.34,D,-99.77,D,9.62,R,-6.56,D,-10.93,D,-20.62,D,-24.18,D,-4.05,D,-3.97,D,-8.86,D
IL-18,40.48,R,34.56,R,20.94,R,43.33,R,48.32,R,49.44,R,44.27,R,34.46,R,40.82,R,,,,
IL-19,38.72,R,21.42,R,31.08,R,42.44,R,,,,,,,,,,,,,,
IL-20,,,,,,,,,,,,,,,,,,,,,,
IN-01,-36.58,D,-42.82,D,-43.72,D,-19.93,D,-34.56,D,-25.01,D,-81.51,D,-30.18,D,-16.19,D,-5.68,D,-8.49,D
IN-02,9.63,R,-7.96,D,-36.86,D,-1.34,D,1.43,R,20.65,R,22.34,R,9.67,R,22.98,R,32.16,R,28.13,R
IN-03,38.42,R,8.56,R,15.34,R,29.65,R,34.08,R,39.06,R,47.13,R,29.46,R,35.68,R,35.23,R,33.63,R
IN-04,41.17,R,24.76,R,19.74,R,42.29,R,27.8,R,33.74,R,34.11,R,28.12,R,33.24,R,36.44,R,33.9,R
IN-05,45.88,R,33.55,R,31.1,R,36.75,R,20.77,R,34.39,R,27.17,R,13.52,R,4.08,R,22.14,R,18.58,R
IN-06,35.8,R,20.02,R,30.57,R,36.65,R,23.96,R,36.55,R,42.44,R,30.96,R,40.89,R,35.06,R,32.24,R
IN-07,-10.67,D,-7.52,D,-30.16,D,-21.09,D,-25.7,D,-12.96,D,-24.29,D,-29.72,D,-24.88,D,-36.35,D,-39.39,D
IN-08,8.82,R,-22.04,D,-29.48,D,20.12,R,10.29,R,24.49,R,32.01,R,28.86,R,37.1,R,34.2,R,38.51,R
IN-09,0.5,R,-4.52,D,-19.36,D,10.06,R,10.9,R,28.51,R,13.68,R,12.96,R,27.71,R,29.95,R,31.67,R
IN-10,,,,,,,,,,,,,,,,,,,,,,
IA-01,11.9,R,-11.85,D,-29.22,D,-1.99,D,-15.34,D,2.28,R,7.66,R,-5.05,D,2.53,R,6.71,R,0.19,R
IA-02,19.77,R,-2.86,D,-18.44,D,-5.07,D,-13.09,D,-5.12,D,-7.47,D,-12.19,D,0,D,8.16,R,15.56,R
IA-03,-10.49,D,-5.4,D,-14.27,D,-4.24,D,8.63,R,10.53,R,13.74,R,-2.16,D,-1.35,D,0.68,R,3.83,R
IA-04,21.91,R,14.42,R,21.14,R,33.67,R,8.09,R,23.34,R,22.61,R,3.33,R,23.06,R,35.99,R,34.34,R
IA-05,26.66,R,22.95,R,22.46,R,33.4,R,,,,,,,,,,,,,,
KS-01,90.72,R,58.66,R,68.61,R,50.91,R,100,R,35.94,R,65.9,R,36.3,R,42.32,R,35.34,R,38.28,R
KS-02,14.87,R,-3.46,D,4.4,R,30.8,R,18.29,R,18.42,R,28.38,R,0.85,R,14.52,R,15.28,R,18.88,R
KS-03,-11.47,D,-30.93,D,-16.78,D,19.74,R,68.45,R,20.04,R,10.7,R,-9.66,D,-10.06,D,-12.18,D,-10.76,D
KS-04,35.04,R,29.6,R,31.03,R,22.34,R,30.64,R,33.32,R,31.06,R,18.88,R,27.3,R,26.68,R,30.1,R
KY-01,34.71,R,19.16,R,28.7,R,42.5,R,39.26,R,46.24,R,45.23,R,37.18,R,49.98,R,49.8,R,49.44,R
KY-02,35.84,R,10.82,R,5.14,R,35.78,R,32.58,R,38.38,R,100,R,35.65,R,44.7,R,43.72,R,46.2,R
KY-03,22.46,R,-2.44,D,-18.74,D,-10.67,D,-29.42,D,-27.92,D,-27,D,-25.5,D,-25.34,D,-23.99,D,-23.91,D
KY-04,10.51,R,8.31,R,26.06,R,38.96,R,27.15,R,35.46,R,42.64,R,27.66,R,34.18,R,33.99,R,99.6,R
KY-05,100,R,47.52,R,84.11,R,54.84,R,55.8,R,56.5,R,100,R,57.89,R,68.42,R,64.35,R,100,R
KY-06,-18.59,D,-85.46,D,-29.32,D,-0.27,D,3.89,R,19.98,R,22.18,R,3.21,R,16.37,R,29.07,R,26.08,R
LA-01,62.34,R,77.34,R,31.36,R,59.33,R,53.93,R,58.69,R,55.04,R,44.94,R,46.91,R,47.61,R,50.07,R
LA-02,-58.02,D,-73.72,D,2.71,R,-31.12,D,-62.74,D,-85.75,D,-100,D,-80.59,D,-54.32,D,-54.22,D,-41.88,D
LA-03,-0.5,D,-17.79,D,-100,D,27.54,R,55.71,R,88,R,58.21,R,38.04,R,38.28,R,57.91,R,49.38,R
LA-04,100,R,39.6,R,0.38,R,29.99,R,75.3,R,73.43,R,63.24,R,30.61,R,33.48,R,100,R,100,R
LA-05,50.78,R,39.26,R,100,R,78.57,R,77.83,R,52.81,R,100,R,36.57,R,54.24,R,51.22,R,48.12,R
LA-06,44.42,R,82.81,R,7.83,R,31.26,R,79.41,R,41.77,R,48.89,R,40.9,R,45.5,R,86.98,R,-24.52,D
LA-07,9.92,R,41.4,R,27.55,R,100,R,,,,,,,,,,,,,,
ME-01,-19.48,D,-29.52,D,-9.8,D,-13.65,D,-28.34,D,-28.55,D,-15.48,D,-26.31,D,-23.66,D,-25.27,D,-22.31,D
ME-02,-18.56,D,-41.04,D,-34.88,D,-10.26,D,-15.68,D,5,R,9.26,R,-1.03,D,-5.98,D,-2.9,D,-0.67,D
MD-01,51.78,R,37.69,R,-0.79,D,12.1,R,31.54,R,40.93,R,38.37,R,21.89,R,27.06,R,11.3,R,22.04,R
MD-02,-36,D,-38.53,D,-47.05,D,-30.93,D,-34.47,D,-25.46,D,-28.96,D,-35.3,D,-35.69,D,-18.6,D,-18.64,D
MD-03,-29.64,D,-30.27,D,-39.58,D,-25.06,D,-37.27,D,-19.25,D,-29.32,D,-40.85,D,-39.72,D,-20.48,D,-21.42,D
MD-04,-55.01,D,-62.03,D,-72.98,D,-67.05,D,-56.45,D,-41.92,D,-52.65,D,-58.2,D,-59.36,D,-80.45,D,-77.18,D
MD-05,-39.47,D,-82.68,D,-49.68,D,-29.64,D,-41.69,D,-28.31,D,-38.01,D,-43.21,D,-37.78,D,-31.96,D,-35.74,D
MD-06,37.96,R,20.54,R,18.97,R,28.23,R,-20.87,D,-1.45,D,-15.87,D,-20.99,D,-19.63,D,-9.57,D,-6.33,D
MD-07,-48.8,D,-98.06,D,-60.92,D,-52.34,D,-55.7,D,-42.93,D,-53.08,D,-55.18,D,-43.58,D,-64.35,D,-63.09,D
MD-08,-49.86,D,-54.62,D,-53.39,D,-48.27,D,-30.44,D,-21.71,D,-26.36,D,-37.94,D,-36.65,D,-62.03,D,-56.34,D
MA-01,-77.73,D,-71.87,D,-43.81,D,-25.12,D,-77.83,D,-73.81,D,-67.43,D,-97.64,D,-73.88,D,-22.47,D,-58.01,D
MA-02,-75.62,D,-76.74,D,-76.39,D,-14.73,D,-75.64,D,-71.94,D,-75.85,D,-34.38,D,-29.85,D,-31.67,D,-64.58,D
MA-03,-39.11,D,-77.63,D,-75.04,D,-17.3,D,-30.66,D,-24.9,D,-35.87,D,-28.55,D,-73.9,D,-26.22,D,-72.98,D
MA-04,-73.14,D,-77.79,D,-40.36,D,-10.54,D,-24.49,D,-72.13,D,-38.65,D,-97.72,D,-20.86,D,-69.24,D,-70.3,D
MA-05,-32.61,D,-73.38,D,-74.72,D,-12.59,D,-47.93,D,-71,D,-74.1,D,-51.84,D,-46.71,D,-46.51,D,-75.5,D
MA-06,-37.88,D,-37.53,D,-38.79,D,-13.86,D,-1.11,D,-13.5,D,-74.31,D,-33.81,D,-29.98,D,-27.04,D,-73.23,D
MA-07,-48.62,D,-76.02,D,-47.91,D,-32.93,D,-73.93,D,-80.72,D,-81.82,D,-98.25,D,-81.8,D,-65.69,D,-81.96,D
MA-08,-76.85,D,-78.73,D,-76.03,D,-98.05,D,-48.9,D,-76.65,D,-42.5,D,-98.42,D,-71.72,D,-37.9,D,-38.92,D
MA-09,-73.25,D,-52.16,D,-76.29,D,-42.22,D,-24.94,D,-9.62,D,-20.81,D,-18.8,D,-23.97,D,-17.96,D,-12.5,D
MA-10,-30.55,D,-33.74,D,-75.02,D,-4.49,D,,,,,,,,,,,,,,
MI-01,-32.81,D,-41.43,D,-32.3,D,11.07,R,0.54,R,6.86,R,14.84,R,12.64,R,24.81,R,22.56,R,21.23,R
MI-02,40.41,R,34.88,R,27.55,R,33.65,R,26.92,R,30.38,R,30.1,R,12.35,R,20.98,R,29.38,R,33.45,R
MI-03,35.1,R,28.52,R,25.74,R,22.21,R,8.45,R,18.9,R,21.95,R,11.24,R,5.92,R,-12.91,D,-9.89,D
MI-04,29.59,R,22.63,R,26.26,R,35.69,R,29.52,R,17.4,R,29.55,R,25.24,R,32.63,R,11.89,R,11.71,R
MI-05,-35.89,D,-47.66,D,-43.4,D,-8.7,D,-33.5,D,-35.55,D,-26.05,D,-23.6,D,-12.69,D,27.45,R,32.92,R
MI-06,32.91,R,22.66,R,20.3,R,28.4,R,11.98,R,15.51,R,22.23,R,4.55,R,15.68,R,-31.78,D,-27.02,D
MI-07,22.05,R,3.95,R,-2.31,D,4.78,R,10.32,R,12.28,R,15.02,R,7.6,R,17.5,R,-5.41,D,3.72,R
MI-08,24.16,R,12.35,R,16.3,R,29.75,R,21.31,R,12.54,R,16.85,R,-3.83,D,-3.6,D,-10.27,D,-6.64,D
MI-09,18.91,R,5.35,R,-9.45,D,-2.53,D,-27.89,D,-24.3,D,-20.51,D,-22.86,D,-19.3,D,30.73,R,37.26,R
MI-10,39.08,R,34.9,R,35.13,R,46.95,R,39.06,R,39.32,R,30.8,R,25.32,R,32.56,R,0.49,R,6.14,R
MI-11,15.93,R,11.06,R,6.04,R,20.78,R,6.4,R,15.43,R,12.75,R,-6.68,D,-2.38,D,-22.64,D,-18.61,D
MI-12,-40.3,D,-44.44,D,-48.2,D,-26.11,D,-38.97,D,-33.69,D,-35.09,D,-39.19,D,-35.76,D,-44.58,D,-44.26,D
MI-13,-59.69,D,-99.99,D,-55.05,D,-60.93,D,-69.15,D,-63.18,D,-61.37,D,-84.24,D,-59.43,D,-47.11,D,-44.1,D
MI-14,-70.15,D,-70.6,D,-92.4,D,-56.89,D,-66.63,D,-58.12,D,-59.83,D,-63.56,D,-60.97,D,,,,
MI-15,-44.35,D,-87.95,D,-45.75,D,-16.73,D,,,,,,,,,,,,,,
MI-16,,,,,,,,,,,,,,,,,,,,,,
MN-01,24.09,R,-5.62,D,-29.57,D,-5.29,D,-15.19,D,-8.52,D,-0.76,D,0.45,R,3.07,R,11.52,R,17.1,R
MN-02,16.07,R,16.16,R,14.74,R,26.72,R,8.16,R,17.17,R,1.79,R,-5.51,D,-2.26,D,-5.22,D,-13.45,D
MN-03,29.32,R,29.81,R,7.63,R,22.23,R,16.31,R,24.36,R,13.69,R,-11.42,D,-11.29,D,-19.19,D,-16.98,D
MN-04,-24.24,D,-39.31,D,-37.13,D,-24.46,D,-30.76,D,-28.29,D,-23.37,D,-36.24,D,-34.2,D,-35.33,D,-34.67,D
MN-05,-45.24,D,-34.22,D,-48.88,D,-43.53,D,-49.25,D,-46.82,D,-46.78,D,-56.29,D,-38.44,D,-49.8,D,-49.81,D
MN-06,8.05,R,7.98,R,2.98,R,12.72,R,1.21,R,17.9,R,31.31,R,22.36,R,31.54,R,24.18,R,25.03,R
MN-07,-32.23,D,-40.67,D,-44.53,D,-17.6,D,-25.53,D,-8.55,D,-5.03,D,-4.26,D,13.54,R,39.34,R,41.01,R
MN-08,-33.07,D,-29.22,D,-35.54,D,1.59,R,-8.89,D,-1.4,D,-0.56,D,5.54,R,19.2,R,14.46,R,16.07,R
MS-01,79.01,R,31.84,R,-10.59,D,14.46,R,23.51,R,38.98,R,40.78,R,34.52,R,37.5,R,45.94,R,39.62,R
MS-02,-17.74,D,-28.54,D,-38.1,D,-23.83,D,-36.17,D,-67.74,D,-37.96,D,-71.79,D,-32.04,D,-20.2,D,-24.04,D
MS-03,80.06,R,77.67,R,25.08,R,36.8,R,80.02,R,40.96,R,35.83,R,25.58,R,29.34,R,41.48,R,100,R
MS-04,-29.69,D,-59.58,D,-49.08,D,5.1,R,35.26,R,45.58,R,37.24,R,37.47,R,100,R,48.75,R,47.9,R
MS-05,,,,,,,,,,,,,,,,,,,,,,
MO-01,-52.46,D,-48.23,D,-86.86,D,-49.93,D,-60.81,D,-51.41,D,-55.5,D,-63.38,D,-59.82,D,-48.53,D,-57.56,D
MO-02,32.4,R,24.76,R,26.87,R,38.78,R,23,R,31.5,R,20.87,R,3.95,R,6.37,R,11.84,R,11.99,R
MO-03,-7.73,D,-33.88,D,-35.96,D,-2.28,D,30.63,R,41.18,R,39.91,R,32.24,R,40.94,R,30.22,R,26.01,R
MO-04,-33.82,D,-38.24,D,-31.82,D,5.32,R,24.82,R,41.72,R,39.99,R,32.1,R,37.93,R,45.02,R,44.66,R
MO-05,-13.07,D,-31.95,D,-28.74,D,-9.14,D,-23.61,D,-6.63,D,-20.66,D,-26.06,D,-20.22,D,-24.58,D,-23.78,D
MO-06,29.08,R,25.91,R,22.57,R,38.9,R,32.48,R,37.15,R,39.57,R,33.44,R,36.23,R,42.84,R,43.77,R
MO-07,42.16,R,36.64,R,39.6,R,33.02,R,32.97,R,34.62,R,40.15,R,36.14,R,42.3,R,44.09,R,45.29,R
MO-08,45.59,R,45.24,R,45.28,R,36.8,R,47.38,R,42.33,R,51.73,R,48.37,R,55.49,R,54.09,R,54.37,R
MO-09,30.76,R,25.54,R,2.5,R,77.36,R,,,,,,,,,,,,,,
MT-00,31.62,R,19.75,R,31.72,R,26.57,R,10.53,R,15,R,15.64,R,4.63,R,12.78,R,,,,
NE-01,11.23,R,16.72,R,40.72,R,42.54,R,36.58,R,37.64,R,38.9,R,20.72,R,21.85,R,15.82,R,20.2,R
NE-02,24.95,R,9.32,R,3.86,R,21.62,R,1.6,R,-3.33,D,1.2,R,2,R,4.56,R,2.66,R,1.86,R
NE-03,76.88,R,9.98,R,53.74,R,52.22,R,48.34,R,50.78,R,100,R,53.44,R,60.83,R,62.51,R,60.84,R
NV-01,-34.86,D,-33.64,D,-39.33,D,-26.47,D,-32.04,D,-18.97,D,-33.11,D,-35.3,D,-28.4,D,-5.61,D,-7.5,D
NV-02,39.67,R,5.41,R,10.38,R,30.64,R,21.38,R,37.8,R,21.37,R,16.46,R,15.76,R,21.93,R,55.04,R
NH-01,26.78,R,-2.63,D,-5.9,D,11.62,R,-3.76,D,3.6,R,-1.34,D,-8.55,D,-5.11,D,-8.11,D,-7.83,D
NH-02,20.08,R,-7.1,D,-15.02,D,1.58,R,-4.83,D,-10,D,-4.44,D,-13.36,D,-10.2,D,-11.72,D,-5.75,D
NJ-01,-50.35,D,-100,D,-46.45,D,-28.39,D,-38.25,D,-18,D,-23.19,D,-31.13,D,-24.96,D,-27.15,D,-17.84,D
NJ-02,32.39,R,26.01,R,19.97,R,34.57,R,17.37,R,24.19,R,22.52,R,-7.67,D,5.76,R,18.9,R,16.91,R
NJ-03,28.79,R,17.36,R,-4.16,D,2.71,R,8.87,R,9.64,R,20.45,R,-1.29,D,-7.76,D,-11.82,D,-8.59,D
NJ-04,34.72,R,32.49,R,33.58,R,41.53,R,28.46,R,36.84,R,30.2,R,12.33,R,21.61,R,35.55,R,35.73,R
NJ-05,16.46,R,11.09,R,13.47,R,32.15,R,12.29,R,12.11,R,-4.41,D,-13.68,D,-7.51,D,-10.41,D,-11.28,D
NJ-06,-36.08,D,-38.31,D,-35.34,D,-11.04,D,-28.14,D,-21,D,-28.84,D,-27.26,D,-22.34,D,-16.44,D,-15.73,D
NJ-07,15.22,R,1.48,R,8,R,18.74,R,17.12,R,20.48,R,10.96,R,-5.02,D,-1.22,D,2.8,R,5.4,R
NJ-08,-40.78,D,-42.52,D,-42.94,D,-26.53,D,-59.06,D,-58.31,D,-58.55,D,-59.4,D,-49.45,D,-50.18,D,-24.53,D
NJ-09,-35.82,D,-43.88,D,-36.49,D,-22.88,D,-48.94,D,-38.4,D,-41.7,D,-41.4,D,-33.94,D,-11.4,D,-4.89,D
NJ-10,-96.88,D,-100,D,-98.92,D,-72.35,D,-77.01,D,-72.76,D,-73.8,D,-77.47,D,-69.38,D,-57.6,D,-52.18,D
NJ-11,36.86,R,25.45,R,24.83,R,36.68,R,18.83,R,25.14,R,19.14,R,-14.64,D,-6.6,D,-18.81,D,-14.74,D
NJ-12,-19.56,D,-31.4,D,-27.8,D,-7.15,D,-39.73,D,-24.44,D,-30.84,D,-37.36,D,-33.06,D,-27.21,D,-24.76,D
NJ-13,-53.73,D,-58.16,D,-53.62,D,-51.07,D,,,,,,,,,,,,,,
NM-01,8.87,R,0.4,R,-11.3,D,-3.6,D,-18.29,D,-17.18,D,-30.3,D,-22.81,D,-16.38,D,-11.52,D,-12.74,D
NM-02,20.4,R,18.93,R,-11.92,D,10.8,R,18.19,R,28.9,R,25.47,R,-1.86,D,7.45,R,-0.72,D,-4.16,D
NM-03,-37.36,D,-49.28,D,-26.27,D,-13.98,D,-26.24,D,-23.07,D,-24.84,D,-32.17,D,-17.36,D,-16.32,D,-12.58,D
NY-01,-9.58,D,-21.5,D,-12.8,D,-9.91,D,-9.35,D,4.91,R,9.3,R,-0.99,D,5.11,R,5.77,R,4.67,R
NY-02,-26.2,D,-34.49,D,-24.94,D,-20.67,D,8.35,R,23.77,R,17.41,R,1.56,R,3.71,R,14.64,R,14.87,R
NY-03,16,R,5.57,R,17.44,R,43.24,R,-15.52,D,-10.04,D,-10.77,D,-19.18,D,-12.18,D,4.94,R,-6.69,D
NY-04,-22.18,D,-26.32,D,-22.55,D,-14.28,D,-22.57,D,-9.11,D,-20.57,D,-25.52,D,-15.63,D,-0.54,D,-5.57,D
NY-05,-34.44,D,-59.09,D,-30.51,D,-29.26,D,-66.8,D,-80.2,D,-68.63,D,-99.4,D,-82.45,D,-50.58,D,-48.22,D
NY-06,-67.65,D,-70.03,D,-67.12,D,-67.26,D,-32.91,D,-63.68,D,-41.68,D,-84.5,D,-30.63,D,-29.62,D,-25.44,D
NY-07,-44.26,D,-50.22,D,-50.04,D,-58.68,D,-74.07,D,-60.46,D,-72.89,D,-85.27,D,-54.21,D,-45.13,D,-46.03,D
NY-08,-47.26,D,-55.22,D,-45.51,D,-48.44,D,-68.92,D,-74.09,D,-78.89,D,-89.19,D,-58.79,D,-43.13,D,-53.47,D
NY-09,-34.03,D,-62.04,D,-52.25,D,-24.88,D,-65.81,D,-69.87,D,-77.43,D,-73.04,D,-54.15,D,-59.55,D,-51.63,D
NY-10,-61.04,D,-65.52,D,-64.21,D,-73.47,D,-50.97,D,-65.31,D,-50.22,D,-60.88,D,-41.57,D,-66.23,D,-66.26,D
NY-11,-66.41,D,-60.41,D,-63.46,D,-76.2,D,1.54,R,6.19,R,14.84,R,-8.54,D,2.92,R,18.93,R,22.74,R
NY-12,-51.86,D,-58.73,D,-56.7,D,-79.1,D,-53.27,D,-50.14,D,-57.88,D,-69.64,D,-64.27,D,-57.3,D,-55.59,D
NY-13,14.01,R,6.54,R,-20.11,D,-3.77,D,-67.91,D,-69.08,D,-76.04,D,-84.85,D,-68.51,D,-81.65,D,-68.37,D
NY-14,-48.88,D,-55.32,D,-48.45,D,-50.01,D,-56.69,D,-67.34,D,-56.5,D,-64.53,D,-44.8,D,-34.36,D,-33.4,D
NY-15,-64.38,D,-67.55,D,-63.1,D,-63.4,D,-82.15,D,-86.71,D,-82.38,D,-90.51,D,-75.2,D,-59.5,D,-57.22,D
NY-16,-68.74,D,-69.7,D,-70.42,D,-83.24,D,-44.38,D,-64.97,D,-69.14,D,-94.25,D,-69.34,D,-23.86,D,-43.03,D
NY-17,-41.18,D,-46.56,D,-46.63,D,-47.12,D,-23.45,D,-14.17,D,-59.53,D,-82.5,D,-18.52,D,-2.65,D,1.85,R
NY-18,-29.32,D,-36.92,D,-31.16,D,-29.41,D,-6.45,D,-5.2,D,-9.35,D,-11.93,D,-11.86,D,-2.27,D,-14.05,D
NY-19,21.07,R,-9.82,D,-11.66,D,-4.65,D,0.77,R,19.77,R,3.04,R,-8.08,D,-4.54,D,1.9,R,-1.6,D
NY-20,20.58,R,-8.92,D,-23.62,D,1.52,R,-32.1,D,-19.63,D,-31.61,D,-27.17,D,-19.83,D,-11.85,D,-21.67,D
NY-21,-27.94,D,-40.21,D,-23.9,D,-23.84,D,-5.01,D,14.58,R,26.55,R,9.79,R,14.5,R,13.11,R,21.27,R
NY-22,-23.21,D,-53.37,D,-24.36,D,-11.95,D,15.34,R,64.76,R,3.56,R,-2.34,D,1.35,R,-5.98,D,-10.18,D
NY-23,26.33,R,16.55,R,19.42,R,-4.71,D,1.1,R,17.92,R,10.25,R,5.75,R,14.13,R,19.24,R,22.77,R
NY-24,15.12,R,-5.98,D,-6.37,D,-2.06,D,-9.33,D,10.44,R,12.61,R,-0.91,D,2.37,R,21.48,R,23.31,R
NY-25,49.12,R,-4.14,D,-12.93,D,-10.47,D,-18.43,D,-5.74,D,-16.3,D,-20.96,D,-19.48,D,-11.18,D,-16.45,D
NY-26,6.52,R,4.02,R,4.71,R,43.8,R,-45.21,D,-35.75,D,-44.52,D,-41.39,D,-32.77,D,-28.41,D,-29.76,D
NY-27,-0.66,D,-45.47,D,-40.47,D,-27.23,D,-0.84,D,27.06,R,19.1,R,-4.78,D,14.06,R,,,,
NY-28,-38.69,D,-39.04,D,-41.71,D,-33.85,D,,,,,,,,,,,,,,
NY-29,10.56,R,-1.49,D,-5.01,D,3.36,R,,,,,,,,,,,,,,
NY-30,,,,,,,,,,,,,,,,,,,,,,
NY-31,,,,,,,,,,,,,,,,,,,,,,
NC-01,-27.96,D,-100,D,-40.56,D,-18.62,D,-52.46,D,-46.76,D,-39.66,D,-39.7,D,-8.36,D,-4.74,D,-1.68,D
NC-02,-24.6,D,-33.06,D,-35.66,D,0.78,R,14.48,R,17.66,R,13.42,R,5.45,R,-28.13,D,-29.36,D,-34.64,D
NC-03,41.4,R,37.28,R,31.8,R,46.11,R,26.22,R,35.62,R,34.4,R,100,R,26.76,R,33.8,R,77.38,R
NC-04,-28.22,D,-29.98,D,-26.64,D,-14.32,D,-48.94,D,-49.5,D,-36.44,D,-48.34,D,-34.66,D,-33.82,D,-45.71,D
NC-05,17.66,R,14.32,R,16.74,R,31.78,R,15.08,R,22.04,R,16.8,R,14.06,R,35.82,R,26.3,R,18.94,R
NC-06,46.3,R,41.66,R,34,R,50.42,R,21.84,R,17.34,R,18.46,R,13.04,R,-24.54,D,-8.85,D,69.16,R
NC-07,-46.38,D,-45.6,D,-37.68,D,-7.36,D,-0.2,D,22.24,R,21.82,R,12.74,R,20.66,R,15.42,R,17.18,R
NC-08,11.08,R,0.28,R,-10.76,D,-9.35,D,7.79,R,29.72,R,17.54,R,10.68,R,6.56,R,39.82,R,19.22,R
NC-09,40.48,R,33.06,R,26.48,R,37.94,R,6.13,R,93.9,R,16.36,R,0.32,R,11.18,R,13,R,18.55,R
NC-10,28.3,R,23.6,R,15.1,R,42.36,R,13.98,R,22.04,R,26.28,R,18.58,R,37.82,R,45.31,R,19.28,R
NC-11,9.8,R,-7.58,D,-26.13,D,-8.68,D,14.84,R,25.8,R,28.18,R,20.46,R,12.16,R,9.28,R,13.54,R
NC-12,-33.66,D,-34.02,D,-43.12,D,-29.74,D,-59.26,D,-50.7,D,-34.04,D,-46.14,D,-100,D,-25.5,D,-48.04,D
ND-00,-19.12,D,-31.36,D,-23.94,D,9.84,R,13.19,R,17.06,R,45.38,R,24.63,R,41.41,R,62.2,R,38.88,R
OH-01,19.73,R,4.5,R,-4.99,D,5.5,R,20.13,R,26.44,R,18.42,R,4.42,R,7.15,R,-5.52,D,-9.16,D
OH-02,43.41,R,1.06,R,7.37,R,23.79,R,17.26,R,31.92,R,32.18,R,16.35,R,22.17,R,49,R,47.12,R
OH-03,24.58,R,17.08,R,26.64,R,36.22,R,-41.94,D,-28.13,D,-37.14,D,-47.24,D,-41.69,D,-40.91,D,-41.48,D
OH-04,17.2,R,19.98,R,30.34,R,46.75,R,21.86,R,35.34,R,35.98,R,30.52,R,38.54,R,38.38,R,36.92,R
OH-05,34.1,R,13.7,R,28.18,R,41.35,R,18.11,R,37.54,R,41.8,R,27.12,R,36,R,33.82,R,35.02,R
OH-06,-99.94,D,-24.16,D,-29.44,D,5.04,R,6.5,R,19.65,R,41.36,R,38.5,R,48.82,R,35.44,R,33.48,R
OH-07,29.92,R,21.24,R,16.44,R,29.92,R,12.8,R,100,R,35.07,R,17.48,R,38.33,R,10.71,R,14.96,R
OH-08,38.02,R,27.6,R,35.8,R,35.34,R,99.22,R,39.83,R,41.79,R,33.16,R,37.94,R,29.28,R,25.62,R
OH-09,-36.26,D,-47.26,D,-48.74,D,-18.7,D,-50.01,D,-35.57,D,-37.38,D,-35.6,D,-26.16,D,-13.26,D,-0.64,D
OH-10,-26.44,D,-32.82,D,-17.89,D,-9.18,D,22.05,R,33.65,R,31.42,R,13.76,R,16.72,R,23.34,R,18.42,R
OH-11,-100,D,-66.88,D,-70.51,D,-65.86,D,-100,D,-58.9,D,-60.5,D,-64.49,D,-60.1,D,-55.5,D,-58.69,D
OH-12,23.93,R,14.6,R,12.55,R,14.81,R,26.94,R,40.36,R,36.71,R,4.22,R,13.46,R,38.54,R,37.02,R
OH-13,-34.86,D,-22.44,D,-29.41,D,-11.46,D,-45.54,D,-37.03,D,-35.47,D,-21.98,D,-7.55,D,-5.36,D,-2.22,D
OH-14,25.5,R,18.5,R,19.58,R,33.47,R,15.3,R,30.24,R,25.21,R,10.5,R,20.2,R,23.48,R,26.84,R
OH-15,20.04,R,0.48,R,-0.76,D,12.87,R,23.12,R,32.04,R,32.32,R,18.63,R,26.84,R,13.92,R,12.92,R
OH-16,33.1,R,16.68,R,-10.72,D,10.82,R,4.1,R,27.48,R,30.66,R,13.46,R,26.38,R,,,,
OH-17,-54.38,D,-60.5,D,-56.3,D,-23.81,D,,,,,,,,,,,,,,
OH-18,32.32,R,-24.12,D,-19.74,D,13.37,R,,,,,,,,,,,,,,
OH-19,,,,,,,,,,,,,,,,,,,,,,
OK-01,22.65,R,32.77,R,32.34,R,76.8,R,31.43,R,100,R,100,R,18.6,R,31.02,R,26.48,R,25.9,R
OK-02,-31.78,D,-45.48,D,-40.94,D,-13.04,D,19,R,45.43,R,47.41,R,34.92,R,53.04,R,49.06,R,52.74,R
OK-03,82.21,R,34.92,R,46.15,R,55.98,R,55.33,R,57.24,R,56.58,R,47.74,R,56.98,R,49.08,R,,
OK-04,77.77,R,29.22,R,36.81,R,100,R,40.29,R,46.14,R,43.55,R,30.06,R,39.01,R,33.5,R,36.98,R
OK-05,32.12,R,23.08,R,31.78,R,27.98,R,21.44,R,23.78,R,20.28,R,-1.4,D,4.12,R,21.6,R,21.38,R
OK-06,,,,,,,,,,,,,,,,,,,,,,
OR-01,-19.36,D,-29.12,D,-71.5,D,-12.81,D,-26.56,D,-22.84,D,-22.65,D,-31.59,D,-29.38,D,-35.99,D,-40.53,D
OR-02,46,R,36.45,R,43.75,R,48.04,R,39.51,R,44.74,R,43.68,R,16.89,R,22.94,R,35.14,R,31.09,R
OR-03,-47.19,D,-50.02,D,-53.7,D,-45.47,D,-54.7,D,-52.72,D,-71.84,D,-52.78,D,-49.52,D,-43.63,D,-42.49,D
OR-04,-23.4,D,-24.64,D,-82.34,D,-10.91,D,-20.08,D,-20.98,D,-15.81,D,-15.1,D,-5.32,D,-7.47,D,-7.77,D
OR-05,-8.53,D,-11.22,D,-15.92,D,-5.29,D,-11.59,D,-14.45,D,-10.47,D,-13.2,D,-6.74,D,2.08,R,-2.73,D
PA-01,-72.89,D,-99.99,D,-81.52,D,-100,D,-69.9,D,-65.68,D,-64.4,D,2.52,R,13.12,R,9.74,R,12.8,R
PA-02,-76.08,D,-79.33,D,-77.86,D,-78.6,D,-79.91,D,-75.4,D,-80.36,D,-58.04,D,-45.08,D,-51.3,D,-42.92,D
PA-03,20.16,R,11.56,R,-2.5,D,11.44,R,13.85,R,21.26,R,100,R,-86.76,D,-82.06,D,-95.14,D,-100,D
PA-04,27.17,R,-3.86,D,-11.72,D,-1.62,D,25.32,R,49.08,R,32.12,R,-27.04,D,-19.06,D,-22.58,D,-18.14,D
PA-05,88.02,R,20.17,R,15.68,R,40.46,R,25.84,R,27.2,R,34.32,R,-30.38,D,-29.4,D,-30.16,D,-30.58,D
PA-06,2.02,R,1.32,R,4.2,R,14.2,R,14.28,R,12.58,R,14.48,R,-17.76,D,-12.1,D,-16.62,D,-12.4,D
PA-07,18.42,R,-12.76,D,-19.18,D,10.96,R,18.8,R,24.08,R,18.94,R,-10.02,D,-3.74,D,-1.96,D,1,R
PA-08,12.01,R,-0.61,D,-15.14,D,7.04,R,13.2,R,23.8,R,8.86,R,-9.28,D,-3.56,D,-2.44,D,1.62,R
PA-09,39.06,R,20.65,R,27.84,R,46.12,R,23.34,R,27.04,R,26.68,R,19.5,R,32.66,R,38.62,R,41.02,R
PA-10,92.84,R,-5.89,D,-12.66,D,10.36,R,31.16,R,37.77,R,40.34,R,2.64,R,6.62,R,7.66,R,1.26,R
PA-11,-94.42,D,-44.93,D,-3.26,D,9.4,R,17.08,R,32.62,R,27.34,R,17.96,R,26.24,R,23.1,R,25.8,R
PA-12,-100,D,-21.58,D,-15.7,D,-1.56,D,3.48,R,18.56,R,23.52,R,32.08,R,41.68,R,-12.4,D,-12.82,D
PA-13,-14.46,D,-32.26,D,-28.26,D,-12.68,D,-38.18,D,-34.24,D,-100,D,40.98,R,46.98,R,100,R,48.4,R
PA-14,-100,D,-89.78,D,-91.26,D,-40.62,D,-53.78,D,-100,D,-48.74,D,15.82,R,29.38,R,100,R,33.14,R
PA-15,19.23,R,10.08,R,17.14,R,14.55,R,13.5,R,100,R,20.37,R,35.68,R,46.92,R,39.88,R,42.94,R
PA-16,29.87,R,17.02,R,16.43,R,30.78,R,15.81,R,15.44,R,10.87,R,4.28,R,18.68,R,18.72,R,27.3,R
PA-17,-20.16,D,-29.05,D,-27.36,D,-11,D,-20.62,D,-13.52,D,-7.6,D,-12.52,D,-2.3,D,-6.78,D,-7.76,D
PA-18,25.52,R,15.67,R,28.14,R,34.66,R,27.92,R,100,R,100,R,-100,D,-38.5,D,,,,
PA-19,91.51,R,30.46,R,33.3,R,48.6,R,,,,,,,,,,,,,,
PA-20,,,,,,,,,,,,,,,,,,,,,,
PA-21,,,,,,,,,,,,,,,,,,,,,,
RI-01,-28.26,D,-45.97,D,-44.3,D,-6.05,D,-12.13,D,-19.26,D,-29.4,D,-33.62,D,-70.83,D,-28.25,D,-31.03,D
RI-02,-53.71,D,-72.69,D,-40.21,D,-28.07,D,-20.6,D,-24.64,D,-27.41,D,-27.21,D,-16.7,D,-3.71,D,-16.73,D
SC-01,87.82,R,22.01,R,4.04,R,36.7,R,28.19,R,93.41,R,24.57,R,-1.38,D,1.27,R,13.92,R,16.62,R
SC-02,31.66,R,25.35,R,7.56,R,9.72,R,96.27,R,27.17,R,25.72,R,13.78,R,13.07,R,20.16,R,19.28,R
SC-03,99.51,R,25.76,R,29.46,R,29.56,R,33.28,R,42.41,R,45.78,R,36.82,R,42.52,R,97.64,R,46.36,R
SC-04,40.81,R,32.27,R,23.18,R,34.66,R,33.39,R,84.84,R,36.18,R,23.01,R,24.72,R,90.81,R,22.5,R
SC-05,-26.1,D,-13.84,D,-24.65,D,10.31,R,14.54,R,20.71,R,20.48,R,15.54,R,20.21,R,29.55,R,27.17,R
SC-06,-35.78,D,-30.21,D,-35.01,D,-26.45,D,-93.62,D,-46.96,D,-42.48,D,-41.9,D,-37.36,D,-24.19,D,-22.78,D
SD-00,-7.45,D,-39.75,D,-35.12,D,2.23,R,14.9,R,33.06,R,28.2,R,24.34,R,80.96,R,77.42,R,44.08,R
TN-01,49.75,R,24.14,R,47.28,R,63.72,R,56.15,R,82.84,R,62.95,R,56.04,R,52.24,R,58.61,R,58.69,R
TN-02,59.96,R,55.44,R,56.22,R,67.13,R,53.83,R,49.93,R,51.3,R,32.88,R,36.59,R,35.82,R,38.52,R
TN-03,31.89,R,31.38,R,41.97,R,28.78,R,25.97,R,27.78,R,37.55,R,29.2,R,36.8,R,38.19,R,38.15,R
TN-04,-11.26,D,-32.9,D,-20.95,D,18.51,R,11.52,R,23,R,30.06,R,29.8,R,33.34,R,44.83,R,43.19,R
TN-05,-38.53,D,-41.1,D,-34.83,D,-14.16,D,-32.45,D,-26.62,D,-25.1,D,-35.7,D,-99.99,D,13.52,R,17.38,R
TN-06,-30.66,D,-35.7,D,-74.42,D,37.88,R,76.43,R,48.12,R,49.3,R,41.18,R,49.69,R,32.66,R,36,R
TN-07,100,R,34.23,R,37.16,R,47.62,R,47.05,R,43.22,R,48.72,R,34.76,R,42.6,R,21.82,R,21.45,R
TN-08,-48.71,D,-46.36,D,-99.97,D,20.19,R,39.88,R,46.24,R,43.66,R,37.56,R,38.97,R,49.69,R,46.75,R
TN-09,-64.15,D,-41.92,D,-87.85,D,-48.89,D,-51.27,D,-51.66,D,-59.88,D,-60.75,D,-57.27,D,-43.81,D,-45.65,D
TX-01,23.79,R,37.76,R,87.58,R,89.73,R,44.5,R,54.94,R,49.77,R,45.94,R,45.16,R,56.16,R,100,R
TX-02,12.62,R,32.94,R,88.92,R,88.61,R,32.14,R,38.31,R,24.61,R,7.28,R,12.82,R,31.82,R,31.32,R
TX-03,85.62,R,27.6,R,21.72,R,34.94,R,100,R,82.01,R,26.62,R,10.01,R,12.2,R,23.64,R,24.9,R
TX-04,37.8,R,30.99,R,39.52,R,51.19,R,48.92,R,100,R,87.99,R,52.67,R,52.55,R,35.78,R,36.76,R
TX-05,31.59,R,26.17,R,83.59,R,43.01,R,31.18,R,85.36,R,80.61,R,24.79,R,26.06,R,30.04,R,28.16,R
TX-06,33.31,R,23.38,R,26.41,R,34.71,R,18.79,R,24.71,R,19.31,R,7.66,R,8.82,R,100,R,31.36,R
TX-07,30.81,R,20.74,R,13.54,R,81.45,R,24.38,R,28.71,R,12.34,R,-5.06,D,-3.34,D,-27.58,D,-22.56,D
TX-08,39.24,R,34.56,R,47.77,R,63.02,R,56.96,R,89.32,R,100,R,48.57,R,47.04,R,37.53,R,36.44,R
TX-09,-45.62,D,-100,D,-93.65,D,-52.86,D,-58.8,D,-90.82,D,-61.28,D,-89.06,D,-53.84,D,-53.36,D,-100,D
TX-10,78.62,R,14.89,R,10.74,R,31.62,R,24.27,R,28.04,R,18.89,R,4.27,R,7.13,R,29,R,29.59,R
TX-11,54.97,R,100,R,88.33,R,65.4,R,60.07,R,90.27,R,89.5,R,61.7,R,61.41,R,100,R,100,R
TX-12,44.64,R,35.86,R,36.99,R,46.73,R,44.23,R,45,R,42.55,R,30.38,R,30.68,R,28.54,R,26.9,R
TX-13,92.31,R,51.34,R,55.3,R,87.05,R,90.98,R,71.52,R,89.97,R,64.61,R,60.92,R,50.7,R,100,R
TX-14,100,R,20.38,R,100,R,51.98,R,8.85,R,25.79,R,23.72,R,19.92,R,23.28,R,40.32,R,37.38,R
TX-15,-16.93,D,-23.56,D,-33.76,D,-14.14,D,-24.03,D,-10.75,D,-19.63,D,-20.92,D,-2.88,D,8.48,R,14.22,R
TX-16,-36.45,D,-78.67,D,-82.14,D,-21.49,D,-32.49,D,-38.32,D,-85.73,D,-41.43,D,-29.44,D,-26.92,D,-19.07,D
TX-17,-3.78,D,-17.81,D,-7.48,D,25.23,R,79.93,R,32.18,R,25.57,R,15.49,R,14.93,R,32.96,R,32.7,R
TX-18,-82.51,D,-57.51,D,-56.98,D,-42.89,D,-52.43,D,-47.02,D,-49.86,D,-54.44,D,-49.78,D,-44.52,D,-38.87,D
TX-19,18.39,R,37.93,R,47.49,R,58.72,R,84.99,R,58.81,R,86.65,R,50.46,R,51.92,R,80.3,R,80.69,R
TX-20,-33.47,D,-87.35,D,-46.72,D,-29.17,D,-30.43,D,-75.66,D,-79.74,D,-80.85,D,-31.56,D,-36.85,D,-100,D
TX-21,25.99,R,26.59,R,80,R,41.01,R,25.15,R,71.78,R,20.56,R,2.61,R,6.6,R,25.68,R,25.79,R
TX-22,14.06,R,16,R,7.07,R,37.67,R,32.07,R,34.98,R,19.04,R,4.91,R,6.93,R,26.68,R,24.24,R
TX-23,39.86,R,-4.97,D,-13.84,D,4.96,R,-4.75,D,2.1,R,1.33,R,0.44,R,3.96,R,17.1,R,24.6,R
TX-24,29.76,R,22.66,R,14.91,R,81.57,R,25.02,R,32.73,R,16.86,R,3.07,R,1.33,R,19.5,R,20.6,R
TX-25,-36.86,D,-40.96,D,-35.38,D,-7.98,D,21,R,23.98,R,20.61,R,8.75,R,13.82,R,100,R,99.37,R
TX-26,33.04,R,22.97,R,23.74,R,36.35,R,39.58,R,82.66,R,36.74,R,20.36,R,23.36,R,69.29,R,26.4,R
TX-27,-28.23,D,-17.86,D,-19.57,D,0.75,R,17.53,R,29.91,R,23.38,R,23.71,R,28.12,R,28.88,R,32.08,R
TX-28,-20.41,D,-87.93,D,-39.49,D,-14.39,D,-38.12,D,-82.1,D,-34.88,D,-84.39,D,-19.32,D,-13.3,D,-5.58,D
TX-29,-94.14,D,-49.11,D,-50.76,D,-30.52,D,-90,D,-89.55,D,-48.49,D,-51.15,D,-43.75,D,-42.82,D,-30.58,D
TX-30,-93.03,D,-62.59,D,-66.61,D,-54.1,D,-59.82,D,-87.95,D,-58.95,D,-91.05,D,-59.08,D,-53,D,-84.89,D
UT-01,38.78,R,30.61,R,34.38,R,45.26,R,46.78,R,36.77,R,39.48,R,36.72,R,39.09,R,33.94,R,31.07,R
UT-02,-11.55,D,-21.7,D,-28.88,D,-4.43,D,28.7,R,28.27,R,27.72,R,17.2,R,22.37,R,25.7,R,23.77,R
UT-03,30.87,R,25.47,R,37.33,R,49.38,R,53.22,R,49.73,R,46.92,R,40.24,R,41.96,R,34.87,R,32.78,R
VT-00,17.24,R,-8.68,D,-83.25,D,-32.54,D,-48.65,D,-33.38,D,-82.51,D,-43.25,D,-38.55,D,-33.6,D,-30.56,D
VA-01,78.55,R,27.48,R,14.83,R,29.09,R,15.08,R,28.52,R,23.25,R,10.48,R,16.44,R,13.01,R,12.78,R
VA-02,10.26,R,2.82,R,-4.94,D,10.67,R,7.66,R,17.55,R,22.87,R,-2.24,D,-5.74,D,3.41,R,3.84,R
VA-03,-38.8,D,-96.08,D,-97.02,D,-42.83,D,-62.79,D,-94.43,D,-33.63,D,-91.22,D,-36.92,D,-34.63,D,-40.11,D
VA-04,28.98,R,76.12,R,19.14,R,24.88,R,14.02,R,22.63,R,-15.69,D,-26.66,D,-23.39,D,-30.02,D,-34.9,D
VA-05,27.4,R,19.18,R,-0.23,D,3.82,R,12.58,R,25.01,R,16.66,R,6.53,R,5.14,R,15.33,R,14.99,R
VA-06,96.68,R,75.09,R,24.96,R,76.27,R,30.67,R,74.51,R,33.48,R,19.48,R,29.3,R,28.95,R,28.33,R
VA-07,75.5,R,29.45,R,25.62,R,25.11,R,17.02,R,23.88,R,15.27,R,-1.94,D,-1.82,D,-4.65,D,-2.64,D
VA-08,-22.83,D,-35.82,D,-38.26,D,-23.73,D,-34.02,D,-31.66,D,-41.11,D,-52.42,D,-51.81,D,-48.77,D,-46.86,D
VA-09,-20.38,D,-35.59,D,-97.07,D,4.8,R,22.7,R,72.15,R,40.27,R,30.41,R,93.98,R,46.7,R,45.16,R
VA-10,27.66,R,16.36,R,19.97,R,28.06,R,19.65,R,16.13,R,5.77,R,-12.38,D,-13.14,D,-6.5,D,-4.55,D
VA-11,21.99,R,11.88,R,-11.64,D,-0.44,D,-25.49,D,-16.5,D,-87.88,D,-44.18,D,-43.07,D,-33.68,D,-33.82,D
WA-01,-26.32,D,-35.44,D,-35.52,D,-15.34,D,-7.88,D,-10.08,D,-10.84,D,-18.54,D,-17.22,D,-27.09,D,-26.25,D
WA-02,-30.33,D,-28.32,D,-24.78,D,-2.14,D,-22.28,D,-21.14,D,-28.04,D,-71.29,D,-26.42,D,-20.32,D,-27.97,D
WA-03,-23.86,D,-26.24,D,-28.02,D,5.94,R,20.76,R,23.06,R,23.5,R,5.34,R,12.98,R,-0.83,D,-3.88,D
WA-04,25.14,R,19.86,R,26.18,R,35.28,R,32.44,R,100,R,100,R,25.64,R,32.58,R,35.26,R,98.17,R
WA-05,19.36,R,12.8,R,30.56,R,27.34,R,23.84,R,21.36,R,19.28,R,9.52,R,22.78,R,19.26,R,21.28,R
WA-06,-37.98,D,-41.2,D,-33.72,D,-16.08,D,-18,D,-25.96,D,-23.06,D,-27.78,D,-18.85,D,-20.11,D,-13.6,D
WA-07,-61.36,D,-63.68,D,-67.3,D,-82.97,D,-59.3,D,-61.94,D,-100,D,-67.12,D,-66.22,D,-71.19,D,-68.14,D
WA-08,4.8,R,2.92,R,5.56,R,4.1,R,19.3,R,26.54,R,20.4,R,-4.84,D,-3.56,D,-6.85,D,-8.16,D
WA-09,-28.88,D,-31.44,D,-30.9,D,-9.7,D,-43.24,D,-41.66,D,-45.78,D,-100,D,-48.44,D,-43.41,D,-97.88,D
WV-01,-35.56,D,-28.64,D,-99.93,D,0.8,R,24.96,R,27.9,R,37.94,R,29.16,R,37.94,R,37.89,R,40.21,R
WV-02,16.17,R,14.36,R,14.15,R,38.77,R,39.54,R,3.2,R,16.36,R,10.98,R,26.16,R,31.12,R,41.54,R
WV-03,-30.4,D,-38.72,D,-33.84,D,-12.08,D,-7.96,D,10.7,R,43.9,R,12.74,R,42.65,R,,,,
WI-01,32.9,R,25.46,R,29.28,R,38.11,R,11.51,R,26.64,R,34.74,R,12.29,R,18.7,R,8.91,R,10.2,R
WI-02,-26.61,D,-25.73,D,-38.77,D,-23.61,D,-36,D,-36.89,D,-37.56,D,-97.42,D,-39.42,D,-44.07,D,-40.23,D
WI-03,-12.94,D,-29.67,D,-28.75,D,-3.79,D,-28.26,D,-13.02,D,-98.86,D,-19.34,D,-2.66,D,3.7,R,2.72,R
WI-04,-41.44,D,-42.89,D,-87.63,D,-39.41,D,-47.41,D,-43.37,D,-76.74,D,-53.97,D,-51.95,D,-52.66,D,-52.36,D
WI-05,34.8,R,26.08,R,79.58,R,41.96,R,35.67,R,39.05,R,37.41,R,23.94,R,20.28,R,28.84,R,28.9,R
WI-06,36.91,R,98.92,R,27.5,R,41.39,R,24.34,R,15.9,R,19.89,R,11.01,R,18.51,R,94.93,R,22.57,R
WI-07,-85.64,D,-27.2,D,-21.65,D,7.68,R,12.28,R,19.87,R,23.4,R,21.61,R,21.52,R,23.75,R,27.19,R
WI-08,40.3,R,-2.14,D,-8.1,D,9.65,R,11.98,R,30.07,R,25.35,R,27.41,R,28.39,R,71.15,R,14.65,R
WI-09,,,,,,,,,,,,,,,,,,,,,,
WY-00,13.43,R,0.52,R,9.81,R,45.02,R,43.43,R,43.96,R,31.19,R,33.82,R,42.79,R,42.86,R,45.7,R
AZ-07,-28.39,D,-25.74,D,-30.47,D,-6,D,-81.74,D,-74.85,D,-50.48,D,-85.61,D,-53.41,D,-29.08,D,-26.9,D
AZ-08,24.16,R,-12.16,D,-11.9,D,-1.46,D,28.29,R,75.81,R,68.57,R,10.93,R,19.13,R,93,R,13,R
CA-53,-37.28,D,-37.56,D,-41.04,D,-28.26,D,-22.86,D,-17.68,D,-34.02,D,-38.14,D,-100,D,,,,
CO-07,11.93,R,-12.87,D,-26.96,D,-11.68,D,-12.72,D,-10.14,D,-15.38,D,-25.01,D,-21.53,D,-14.99,D,-14.18,D
FL-24,100,R,15.88,R,-16.09,D,19.32,R,-100,D,-76.02,D,,,-100,D,-55.15,D,-43.58,D,-36.48,D
FL-25,100,R,16.94,R,6.1,R,9.56,R,75.65,R,100,R,24.72,R,20.9,R,,,-10.18,D,-8.95,D
GA-12,-3.62,D,-0.6,D,-32,D,-13.18,D,-7.4,D,9.5,R,23.2,R,18.96,R,16.76,R,19.2,R,20.64,R
GA-13,-100,D,-38.48,D,-38.08,D,-38.86,D,-43.48,D,-100,D,-100,D,-52.35,D,-54.79,D,-63.54,D,-43.66,D
NV-03,14.06,R,1.89,R,-5.14,D,0.66,R,7.49,R,24.62,R,-1.27,D,-9.06,D,-2.98,D,-3.96,D,-2.74,D
NC-13,-17.58,D,-27.42,D,-31.86,D,-11,D,13.6,R,14.62,R,12.2,R,6,R,36.36,R,-3.18,D,17.28,R
TX-31,32.32,R,19.68,R,23.69,R,82.54,R,26.3,R,32.09,R,21.86,R,2.91,R,9.14,R,100,R,28.86,R
TX-32,10.3,R,15.15,R,16.68,R,27.73,R,18.82,R,26.38,R,71.07,R,-6.52,D,-6.02,D,-30.72,D,-23.48,D
AZ-09,,,,,,,,,-4.1,D,-12.82,D,-21.88,D,-22.18,D,-23.26,D,95.54,R,30.6,R
FL-26,,,,,,,,,-10.62,D,2.92,R,11.78,R,-1.74,D,3.44,R,41.74,R,41.84,R
FL-27,,,,,,,,,23.23,R,100,R,9.78,R,-6,D,2.74,R,14.58,R,20.76,R
GA-14,,,,,,,,,45.94,R,100,R,100,R,53,R,49.42,R,31.72,R,28.74,R
NV-04,,,,,,,,,-8,D,2.77,R,-4.01,D,-8.18,D,-4.87,D,-4.84,D,-8.09,D
SC-07,,,,,,,,,13.95,R,19.97,R,25.22,R,19.25,R,23.66,R,29.7,R,29.93,R
TX-33,,,,,,,,,-46.74,D,-86.51,D,-47.42,D,-54.25,D,-41.67,D,-46.37,D,-37.58,D
TX-34,,,,,,,,,-25.66,D,-20.9,D,-25.34,D,-19.98,D,-13.59,D,-8.5,D,-2.58,D
TX-35,,,,,,,,,-31.93,D,-29.18,D,-31.5,D,-45.2,D,-35.42,D,-45.16,D,-34.72,D
TX-36,,,,,,,,,44.16,R,53.89,R,88.61,R,45.12,R,49.34,R,38.92,R,38.72,R
UT-04,,,,,,,,,-0.31,D,5.11,R,12.45,R,-0.26,D,1,R,28.7,R,33.22,R
WA-10,,,,,,,,,-17.12,D,-9.4,D,-17.34,D,-23.08,D,-84.89,D,-14.1,D,-17.31,D
DC-00,,,,,,,,,,,,,,,,,-86.99,D,,,-70.57,D
CO-08,,,,,,,,,,,,,,,,,,,-0.69,D,0.73,R
FL-28,,,,,,,,,,,,,,,,,,,27.37,R,29.14,R
NC-14,,,,,,,,,,,,,,,,,,,-15.42,D,16.12,R
TX-37,,,,,,,,,,,,,,,,,,,-55.79,D,-50.64,D
TX-38,,,,,,,,,,,,,,,,,,,27.43,R,25.49,R
MT-01,,,,,,,,,,,,,,,,,,,3.16,R,7.67,R
MT-02,,,,,,,,,,,,,,,,,,,36.4,R,31.98,R
OR-06,,,,,,,,,,,,,,,,,,,-2.45,D,-6.85,D
